Name,Price,Stock,Color,Size
Gush Top in Orange,IDR 399.000,In Stock,Orange,"XS, S, M, L"
Ventra Zipper Tank Top in Orange,IDR 499.000,In Stock,Orange,"XS, S, M, L"
Motive Shorts in White,IDR 459.000,In Stock,White,"XS, S, M, L"
Motive Shorts in Black,IDR 459.000,In Stock,Black,"XS, S, M, L"
Manifest Ribbed White Bra,IDR 439.000,In Stock,White,"XS, S, M, L"
Route Pocket Tank Top in Orange,IDR 480.000,In Stock,Orange,"XS, S, M, L"
Victory Jacket in White,IDR 599.000,In Stock,White,"XS, S, M, L"
Route Pocket Tank Top in White,IDR 480.000,In Stock,White,"XS, S, M, L"
Ventra Zipper Tank Top in Midnight Navy,IDR 499.000,In Stock,Navy,"XS, S, M, L"
Ventra Zipper Tank Top in White,IDR 499.000,In Stock,White,"XS, S, M, L"
Dual Top in White,IDR 399.000,In Stock,White,"XS, S, M, L"
Lux High Impact Leggings in Black,IDR 509.000,In Stock,Black,"XS, S, M, L"
Lux High Impact Leggings in White,IDR 509.000,In Stock,White,"XS, S, M, L"
Energy Biker Shorts In Black,IDR 399.000,In Stock,Black,"XS, S, M, L"
Dual Top in Black,IDR 399.000,In Stock,Black,"XS, S, M, L"
Achieve Running Short in Espresso,IDR 349.000,In Stock,Brown,"XS, S, M, L"
Energy Biker Shorts in Espresso,IDR 399.000,In Stock,Espresso,"XS, S, M, L"
Split High Impact Bra in Caramel,IDR 499.000,Sold Out,Brown,"XS, S, M, L"
Lux High Impact Leggings in Caramel,IDR 509.000,In Stock,Brown,"XS, S, M, L"
Folded Flare Pants in Black,IDR 589.000,In Stock,Black,"XS, S, M, L"
